# MAO partition table, 4 MB flash (ESP32-C3-LCDkit, in-package XMC flash).
#
#   0x000000  bootloader        32 KB   (fixed, second-stage bootloader)
#   0x008000  partition table    4 KB   (fixed)
#   0x009000  nvs               24 KB   settings, calibration, pairing data (later)
#   0x00F000  otadata            8 KB   which OTA slot to boot
#   0x011000  phy_init           4 KB   RF calibration data
#   0x012000  coredump          56 KB   post-mortem crash dumps
#   0x020000  ota_0           1792 KB   app slot A (64 KB aligned)
#   0x1E0000  ota_1           1792 KB   app slot B
#   0x3A0000  assets           384 KB   sounds / sprites / fonts (filesystem, later)
#   0x400000  end of flash
#
# Name,     Type, SubType,  Offset,   Size
nvs,        data, nvs,      0x9000,   0x6000
otadata,    data, ota,      0xF000,   0x2000
phy_init,   data, phy,      0x11000,  0x1000
coredump,   data, coredump, 0x12000,  0xE000
ota_0,      app,  ota_0,    0x20000,  0x1C0000
ota_1,      app,  ota_1,    0x1E0000, 0x1C0000
assets,     data, spiffs,   0x3A0000, 0x60000
