Comment,Designator,Footprint,LCSC Part #,Manufacturer Part,Manufacturer,Quantity,JLC Part Type,JLC Stock 2026-10-06,Sourcing Note
2.2uF 25V,"C101,C103",C_0402_1005Metric,C307418,CL05A225KA5NUNC,Samsung,2,Extended,897637,no Basic/Preferred 2.2u 25 V 0402 in the JLC library (review 2026-10-06)
10uF 25V,C102,C_0603_1608Metric,C96446,CL10A106MA8NRNC,Samsung,1,Basic,3300000,
100nF 16V,"C104,C202,C301,C303,C304,C305,C306,C401,C403,C502",C_0402_1005Metric,C1525,CL05B104KO5NNNC,Samsung,10,Basic,22000000,LCSC shop stock 0 on 2026-10-06; JLC assembly stock fine
4.7uF 16V,"C105,C404,C506",C_0603_1608Metric,C19666,CL10A475KO8NNNC,Samsung,3,Basic,2500000,
10uF 10V,"C106,C501,C505",C_0603_1608Metric,C19702,CL10A106KP8NNNC,Samsung,3,Basic,10300000,
1uF 25V,"C109,C110,C203,C503,C504,C508",C_0402_1005Metric,C52923,CL05A105KA5NQNC,Samsung,6,Basic,8300000,
22uF 6.3V,C201,C_0603_1608Metric,C59461,CL10A226MQ8NRNC,Samsung,1,Basic,8000000,
10nF 50V,C402,C_0402_1005Metric,C15195,CL05B103KB5NNNC,Samsung,1,Basic,3900000,
2.2uF 10V,C408,C_0603_1608Metric,C100082,CL10B225KP8NNNC,Samsung,1,Extended,354360,no Basic 2.2u X7R 0603 (Basic C23630 is X5R)
SMF15A,D101,D_SMF,C123802,SMF15A,MDD,1,Extended,61610,
IR12-21C,"D501,D502",Everlight_IR12-21C_RightAngle_3x1mm,C53672,IR12-21C/TR8,Everlight,2,Extended,12341,
USB-C,J101,USB_C_Receptacle_HRO_TYPE-C-31-M-12,C165948,TYPE-C-31-M-12,Korean Hroparts,1,Extended,420357,
BAT,J102,JST_SH_SM03B-SRSS-TB_1x03-1MP_P1.00mm_Horizontal,C7430445,ZX-SH1.0-3PWT (JST SM03B-SRSS-TB compatible),Megastar,1,Extended,90750,JST SH-compatible 3-pin (battery)
LCD,J301,HDGC_0.5K-HX-18PWB_1x18-1MP_P0.5mm_Horizontal,C2919497,0.5K-HX-18PWB,HDGC,1,Extended,16270,listed as HDGC 0.5K-HX-18PWB (same part)
2.2uH,L101,L_Murata_DFE201610P,C337893,DFE201612E-2R2M=P2,Murata,1,Extended,33137,
AO3401A,Q101,SOT-23,C15127,AO3401A,AOS,1,Basic,814915,
2N7002,Q102,SOT-23,C8545,2N7002,CJ,1,Basic,1576966,
DMG2302UKQ,Q302,SOT-23,C5224573,DMG2302UKQ-7,Diodes,1,Extended,990,"DMG2302UKQ-7: the automotive-qualified DMG2302UK-7 (C460977, 124 left), same SOT-23 pinout"
AO3400A,Q501,SOT-23,C20917,AO3400A,AOS,1,Basic,953963,
5.1k,"R101,R102",R_0402_1005Metric,C25905,0402WGF5101TCE,UNI-ROYAL,2,Basic,5900000,
1.43k,R103,R_0402_1005Metric,C163483,RC0402FR-071K43L,YAGEO,1,Extended,9576,no Basic 1.43k 0402
18k,R104,R_0402_1005Metric,C25762,0402WGF1802TCE,UNI-ROYAL,1,Preferred Extended,468801,no Basic 18k 0402
0R,R108,R_1206_3216Metric,C17888,1206W4F0000T5E,UNI-ROYAL,1,Basic,2600000,
10k,"R109,R118,R119,R201,R202,R401,R506",R_0402_1005Metric,C25744,0402WGF1002TCE,UNI-ROYAL,7,Basic,21500000,
102k,R111,R_0402_1005Metric,C2933066,FRC0402F1023TS,FOJAN,1,Extended,177764,no Basic 102k 0402
100k,"R116,R117,R120,R123,R207,R208,R209,R210,R211,R306,R311,R316,R318,R404,R504",R_0402_1005Metric,C25741,0402WGF1003TCE,UNI-ROYAL,15,Basic,8200000,
150k,R121,R_0402_1005Metric,C25755,0402WGF1503TCE,UNI-ROYAL,1,Preferred Extended,270669,no Basic 150k 0402
0R,R122,R_0603_1608Metric,C21189,0603WAF0000T5E,UNI-ROYAL,1,Basic,23600000,
4.7k,"R213,R214",R_0402_1005Metric,C25900,0402WGF4701TCE,UNI-ROYAL,2,Basic,15400000,
22R,"R215,R216,R301,R302",R_0402_1005Metric,C25092,0402WGF220JTCE,UNI-ROYAL,4,Basic,4600000,
32.4k,R312,R_0402_1005Metric,C26974,0402WGF3242TCE,UNI-ROYAL,1,Extended,37795,no Basic 32.4k 0402
1.0k,"R313,R314",R_0402_1005Metric,C11702,0402WGF1001TCE,UNI-ROYAL,2,Basic,7000000,LCSC shop stock 0 on 2026-10-06; JLC assembly stock fine
100R,"R315,R503,R505",R_0402_1005Metric,C25076,0402WGF1000TCE,UNI-ROYAL,3,Basic,4000000,LCSC shop stock 0 on 2026-10-06; JLC assembly stock fine
3.3R,R317,R_0603_1608Metric,C22979,0603WAF330KT5E,UNI-ROYAL,1,Extended,280671,no Basic 3.3R 0603
56R,"R501,R502",R_0603_1608Metric,C25196,0603WAF560JT5E,UNI-ROYAL,2,Preferred Extended,1070000,no Basic 56R 0603
SKQGADE010,SW301,SW_SPST_SKQG_WithStem,C116647,SKQGADE010,ALPS,1,Extended,49220,"whole-top press, 1 per board (owner decision 2026-10-07); LCSC stock 2026-10-07, JLC library type to confirm at order"
TPD2E2U06,U101,SOT-553,C1972959,TPD2E2U06DRLR,TI,1,Extended,7569,
BQ25185DLHR,U102,Texas_DLH0010A_WSON-10-1EP_2.2x2mm_P0.4mm_EP0.9x1.5mm,C19725033,BQ25185DLHR,TI,1,Extended,3623,
MAX17048G+T10,U103,TDFN-8-1EP_2x2mm_P0.5mm_EP0.8x1.2mm,C2682616,MAX17048G+T10,Analog Devices,1,Extended,25799,
TPS62840DLCR,U104,TI_DLC0008B_VSON-HR-8_1.5x2mm_P0.5mm,C2071859,TPS62840DLCR,TI,1,Extended,3882,
TPS22916CYFPR,"U105,U504",Texas_PicoStar_BGA-4_0.758x0.758mm_Layout2x2_P0.4mm,C2680319,TPS22916CYFPR,TI,2,Extended,77,"LOW STOCK (2 per board, enough for the 5-unit build); 0.4 mm WCSP: order JLC Standard PCBA. Fallback TPS22916BYFPR C2150095 (21,486): fast rise, check the 3V3_LCD / AUX_3V3 inrush"
ESP32-S3-MINI-1-N8,U201,ESP32-S2-MINI-1,C2913206,ESP32-S3-MINI-1-N8,Espressif,1,Extended,6018,
DRV5012AEDMRR,"U301,U302",Texas_X2SON-4-1EP_1.1x1.4mm_P0.5mm_EP0.8x0.6mm,C2655038,DRV5012AEDMRR,TI,2,Extended,5226,
TLV9061IDBVR,U304,SOT-23-5,C398358,TLV9061IDBVR,TI,1,Extended,289451,
ICM-42670-P,U401,LGA-14_3x2.5mm_P0.5mm_LayoutBorder3x4y,C3288646,ICM-42670-P,TDK InvenSense,1,Extended,6692,
VL53L4CDV0DH/1,U402,ST_VL53L0X,C3178291,VL53L4CDV0DH/1,ST,1,Extended,11527,
MAX98357AETE+T,U501,TQFN-16-1EP_3x3mm_P0.5mm_EP1.23x1.23mm_ThermalVias,C910544,MAX98357AETE+T,Analog Devices,1,Extended,25277,
DRV2605LDGST,U502,MSOP-10_3x3mm_P0.5mm,C425927,DRV2605LDGST,TI,1,Extended,858,DRV2605LDGST: the DGSR part on a 250-piece reel (review 2026-10-06)
IRM-H638T/TR2,U503,Everlight_IRM-H6xxT,C91447,IRM-H638T/TR2,Everlight,1,Extended,177048,
