Ref,Val,Package,PosX,PosY,Rot,Side
C104,100nF 16V,C_0402_1005Metric,61.300000,-34.950000,90.000000,bottom
C105,4.7uF 16V,C_0603_1608Metric,57.750000,-38.225000,90.000000,bottom
C106,10uF 10V,C_0603_1608Metric,51.900000,-35.950000,90.000000,bottom
C201,22uF 6.3V,C_0603_1608Metric,39.900000,-70.325000,-90.000000,bottom
C202,100nF 16V,C_0402_1005Metric,41.400000,-70.030000,-90.000000,bottom
C203,1uF 25V,C_0402_1005Metric,60.300000,-71.250000,0.000000,bottom
C306,100nF 16V,C_0402_1005Metric,45.200000,-43.400000,90.000000,bottom
C503,1uF 25V,C_0402_1005Metric,33.000000,-58.750000,0.000000,bottom
C504,1uF 25V,C_0402_1005Metric,35.600000,-58.150000,90.000000,bottom
C505,10uF 10V,C_0603_1608Metric,64.400000,-31.100000,0.000000,bottom
D101,SMF15A,D_SMF,54.650000,-30.500000,0.000000,bottom
D501,IR12-21C,Everlight_IR12-21C_RightAngle_3x1mm,40.073000,-24.140000,-159.000000,bottom
D502,IR12-21C,Everlight_IR12-21C_RightAngle_3x1mm,59.927000,-24.140000,159.000000,bottom
J101,USB-C,USB_C_Receptacle_HRO_TYPE-C-31-M-12,50.000000,-24.050000,0.000000,bottom
J102,BAT,JST_SH_SM03B-SRSS-TB_1x03-1MP_P1.00mm_Horizontal,69.260000,-46.285000,180.000000,bottom
J301,LCD,HDGC_0.5K-HX-18PWB_1x18-1MP_P0.5mm_Horizontal,38.850000,-50.000000,90.000000,bottom
L101,2.2uH,L_Murata_DFE201610P,52.625000,-38.750000,180.000000,bottom
Q101,AO3401A,SOT-23,65.100000,-39.175000,0.000000,bottom
Q302,DMG2302UKQ,SOT-23,41.800000,-48.300000,180.000000,bottom
Q501,AO3400A,SOT-23,59.600000,-28.800000,90.000000,bottom
R101,5.1k,R_0402_1005Metric,48.400000,-30.500000,-90.000000,bottom
R102,5.1k,R_0402_1005Metric,51.900000,-32.750000,-90.000000,bottom
R108,0R,R_1206_3216Metric,68.260000,-40.635000,90.000000,bottom
R109,10k,R_0402_1005Metric,64.250000,-42.000000,0.000000,bottom
R111,102k,R_0402_1005Metric,53.150000,-40.600000,180.000000,bottom
R120,100k,R_0402_1005Metric,57.400000,-33.400000,90.000000,bottom
R121,150k,R_0402_1005Metric,58.800000,-33.400000,90.000000,bottom
R122,0R,R_0603_1608Metric,59.450000,-39.800000,90.000000,bottom
R201,10k,R_0402_1005Metric,58.900000,-70.000000,180.000000,bottom
R207,100k,R_0402_1005Metric,41.600000,-54.400000,0.000000,bottom
R209,100k,R_0402_1005Metric,37.600000,-63.600000,-90.000000,bottom
R213,4.7k,R_0402_1005Metric,59.440000,-46.700000,-90.000000,bottom
R214,4.7k,R_0402_1005Metric,58.200000,-46.700000,-90.000000,bottom
R301,22R,R_0402_1005Metric,44.560000,-56.400000,0.000000,bottom
R302,22R,R_0402_1005Metric,41.400000,-58.840000,90.000000,bottom
R311,100k,R_0402_1005Metric,43.700000,-38.600000,0.000000,bottom
R312,32.4k,R_0402_1005Metric,43.700000,-39.900000,0.000000,bottom
R313,1.0k,R_0402_1005Metric,41.600000,-39.900000,0.000000,bottom
R314,1.0k,R_0402_1005Metric,45.000000,-47.800000,0.000000,bottom
R315,100R,R_0402_1005Metric,41.500000,-45.400000,90.000000,bottom
R316,100k,R_0402_1005Metric,43.000000,-45.400000,90.000000,bottom
R317,3.3R,R_0603_1608Metric,45.600000,-49.300000,0.000000,bottom
R501,56R,R_0603_1608Metric,38.673000,-27.503000,90.000000,bottom
R502,56R,R_0603_1608Metric,56.627000,-25.927000,90.000000,bottom
R503,100R,R_0402_1005Metric,60.040000,-31.438000,0.000000,bottom
R504,100k,R_0402_1005Metric,62.150000,-29.227000,90.000000,bottom
U103,MAX17048G+T10,TDFN-8-1EP_2x2mm_P0.5mm_EP0.8x1.2mm,63.700000,-35.450000,0.000000,bottom
U104,TPS62840DLCR,TI_DLC0008B_VSON-HR-8_1.5x2mm_P0.5mm,55.500000,-39.000000,180.000000,bottom
U201,ESP32-S3-MINI-1-N8,ESP32-S2-MINI-1,50.000000,-67.850000,0.000000,bottom
U304,TLV9061IDBVR,SOT-23-5,42.400000,-42.400000,0.000000,bottom
U501,MAX98357AETE+T,TQFN-16-1EP_3x3mm_P0.5mm_EP1.23x1.23mm_ThermalVias,35.600000,-41.300000,0.000000,bottom
U502,DRV2605LDGST,MSOP-10_3x3mm_P0.5mm,34.400000,-61.150000,180.000000,bottom
C101,2.2uF 25V,C_0402_1005Metric,58.310000,-40.700000,-90.000000,top
C102,10uF 25V,C_0603_1608Metric,60.510000,-41.250000,-90.000000,top
C103,2.2uF 25V,C_0402_1005Metric,63.200000,-39.500000,-90.000000,top
C109,1uF 25V,C_0402_1005Metric,38.500000,-54.750000,180.000000,top
C110,1uF 25V,C_0402_1005Metric,43.550000,-53.850000,0.000000,top
C301,100nF 16V,C_0402_1005Metric,38.100000,-52.000000,0.000000,top
C303,100nF 16V,C_0402_1005Metric,71.384000,-60.896000,0.000000,top
C304,100nF 16V,C_0402_1005Metric,69.897000,-63.421000,0.000000,top
C305,100nF 16V,C_0402_1005Metric,38.700000,-49.100000,0.000000,top
C401,100nF 16V,C_0402_1005Metric,54.843000,-59.250000,180.000000,top
C402,10nF 50V,C_0402_1005Metric,52.200000,-59.250000,0.000000,top
C403,100nF 16V,C_0402_1005Metric,36.651000,-32.324000,90.000000,top
C404,4.7uF 16V,C_0603_1608Metric,36.400000,-29.716000,90.000000,top
C408,2.2uF 10V,C_0603_1608Metric,56.900000,-57.000000,0.000000,top
C501,10uF 10V,C_0603_1608Metric,34.900000,-36.600000,0.000000,top
C502,100nF 16V,C_0402_1005Metric,35.200000,-38.400000,90.000000,top
C506,4.7uF 16V,C_0603_1608Metric,73.600000,-46.100000,0.000000,top
C508,1uF 25V,C_0402_1005Metric,67.300000,-54.600000,90.000000,top
Q102,2N7002,SOT-23,61.000000,-63.300000,90.000000,top
R103,1.43k,R_0402_1005Metric,56.550000,-38.225000,180.000000,top
R104,18k,R_0402_1005Metric,56.550000,-37.025000,180.000000,top
R116,100k,R_0402_1005Metric,43.550000,-55.150000,0.000000,top
R117,100k,R_0402_1005Metric,61.900000,-36.400000,90.000000,top
R118,10k,R_0402_1005Metric,56.300000,-40.400000,0.000000,top
R119,10k,R_0402_1005Metric,64.900000,-38.225000,180.000000,top
R123,100k,R_0402_1005Metric,61.900000,-60.850000,180.000000,top
R202,10k,R_0402_1005Metric,40.600000,-68.700000,0.000000,top
R208,100k,R_0402_1005Metric,34.050000,-40.040000,90.000000,top
R210,100k,R_0402_1005Metric,42.825000,-28.778000,90.000000,top
R211,100k,R_0402_1005Metric,66.050000,-54.000000,-90.000000,top
R215,22R,R_0402_1005Metric,50.650000,-55.200000,-90.000000,top
R216,22R,R_0402_1005Metric,49.450000,-55.600000,-90.000000,top
R306,100k,R_0402_1005Metric,68.385000,-65.427000,0.000000,top
R318,100k,R_0402_1005Metric,46.900000,-43.460000,90.000000,top
R401,10k,R_0402_1005Metric,44.190000,-31.500000,180.000000,top
R404,100k,R_0402_1005Metric,49.100000,-59.400000,0.000000,top
R505,100R,R_0402_1005Metric,71.960000,-56.750000,0.000000,top
R506,10k,R_0402_1005Metric,73.600000,-53.600000,0.000000,top
SW301,SKQGAFE010,SW_SPST_SKQG_WithStem,63.448628,-48.823397,-85.000000,top
SW302,SKQGAFE010,SW_SPST_SKQG_WithStem,43.977690,-62.914886,-115.000000,top
SW303,SKQGAFE010,SW_SPST_SKQG_WithStem,42.256718,-38.941447,35.000000,top
U101,TPD2E2U06,SOT-553,50.000000,-32.000000,-90.000000,top
U102,BQ25185DLHR,Texas_DLH0010A_WSON-10-1EP_2.2x2mm_P0.4mm_EP0.9x1.5mm,59.410000,-38.225000,180.000000,top
U105,TPS22916CYFPR,Texas_PicoStar_BGA-4_0.758x0.758mm_Layout2x2_P0.4mm,41.000000,-54.200000,0.000000,top
U301,DRV5012AEDMRR,Texas_X2SON-4-1EP_1.1x1.4mm_P0.5mm_EP0.8x0.6mm,72.776000,-63.150000,-120.000000,top
U302,DRV5012AEDMRR,Texas_X2SON-4-1EP_1.1x1.4mm_P0.5mm_EP0.8x0.6mm,71.277000,-65.459000,-126.000000,top
U401,ICM-42670-P,LGA-14_3x2.5mm_P0.5mm_LayoutBorder3x4y,53.200000,-57.000000,0.000000,top
U402,VL53L4CDV0DH/1,ST_VL53L0X,40.188000,-31.546000,28.000000,top
U503,IRM-H638T/TR2,Everlight_IRM-H6xxT,71.000000,-50.000000,0.000000,top
U504,TPS22916CYFPR,Texas_PicoStar_BGA-4_0.758x0.758mm_Layout2x2_P0.4mm,69.400000,-54.600000,180.000000,top
