Designator,Mid X,Mid Y,Layer,Rotation
C104,61.300000mm,-34.950000mm,Bottom,90.000000
C105,57.750000mm,-38.225000mm,Bottom,90.000000
C106,51.900000mm,-35.950000mm,Bottom,90.000000
C201,39.900000mm,-70.325000mm,Bottom,-90.000000
C202,41.400000mm,-70.030000mm,Bottom,-90.000000
C203,60.300000mm,-71.250000mm,Bottom,0.000000
C306,45.200000mm,-43.400000mm,Bottom,90.000000
C503,33.000000mm,-58.750000mm,Bottom,0.000000
C504,35.600000mm,-58.150000mm,Bottom,90.000000
C505,64.400000mm,-31.100000mm,Bottom,0.000000
D101,54.650000mm,-30.500000mm,Bottom,0.000000
D501,40.073000mm,-24.140000mm,Bottom,-159.000000
D502,59.927000mm,-24.140000mm,Bottom,159.000000
J101,50.000000mm,-24.050000mm,Bottom,0.000000
J102,69.260000mm,-46.285000mm,Bottom,180.000000
J301,38.850000mm,-50.000000mm,Bottom,90.000000
L101,52.625000mm,-38.750000mm,Bottom,180.000000
Q101,65.100000mm,-39.175000mm,Bottom,0.000000
Q302,41.800000mm,-48.300000mm,Bottom,180.000000
Q501,59.600000mm,-28.800000mm,Bottom,90.000000
R101,48.400000mm,-30.500000mm,Bottom,-90.000000
R102,51.900000mm,-32.750000mm,Bottom,-90.000000
R108,68.260000mm,-40.635000mm,Bottom,90.000000
R109,64.250000mm,-42.000000mm,Bottom,0.000000
R111,53.150000mm,-40.600000mm,Bottom,180.000000
R120,57.400000mm,-33.400000mm,Bottom,90.000000
R121,58.800000mm,-33.400000mm,Bottom,90.000000
R122,59.450000mm,-39.800000mm,Bottom,90.000000
R201,58.900000mm,-70.000000mm,Bottom,180.000000
R207,41.600000mm,-54.400000mm,Bottom,0.000000
R209,37.600000mm,-63.600000mm,Bottom,-90.000000
R213,59.440000mm,-46.700000mm,Bottom,-90.000000
R214,58.200000mm,-46.700000mm,Bottom,-90.000000
R301,44.560000mm,-56.400000mm,Bottom,0.000000
R302,41.400000mm,-58.840000mm,Bottom,90.000000
R311,43.700000mm,-38.600000mm,Bottom,0.000000
R312,43.700000mm,-39.900000mm,Bottom,0.000000
R313,41.600000mm,-39.900000mm,Bottom,0.000000
R314,45.000000mm,-47.800000mm,Bottom,0.000000
R315,41.500000mm,-45.400000mm,Bottom,90.000000
R316,43.000000mm,-45.400000mm,Bottom,90.000000
R317,45.600000mm,-49.300000mm,Bottom,0.000000
R501,38.673000mm,-27.503000mm,Bottom,90.000000
R502,56.627000mm,-25.927000mm,Bottom,90.000000
R503,60.040000mm,-31.438000mm,Bottom,0.000000
R504,62.150000mm,-29.227000mm,Bottom,90.000000
SW301,58.000000mm,-53.800000mm,Bottom,0.000000
U103,63.700000mm,-35.450000mm,Bottom,0.000000
U104,55.500000mm,-39.000000mm,Bottom,180.000000
U201,50.000000mm,-67.850000mm,Bottom,0.000000
U304,42.400000mm,-42.400000mm,Bottom,0.000000
U501,35.600000mm,-41.300000mm,Bottom,0.000000
U502,34.400000mm,-61.150000mm,Bottom,180.000000
C101,58.310000mm,-40.700000mm,Top,-90.000000
C102,60.510000mm,-41.250000mm,Top,-90.000000
C103,63.200000mm,-39.500000mm,Top,-90.000000
C109,38.500000mm,-54.750000mm,Top,180.000000
C110,43.550000mm,-53.850000mm,Top,0.000000
C301,38.100000mm,-52.000000mm,Top,0.000000
C303,71.384000mm,-60.896000mm,Top,0.000000
C304,69.897000mm,-63.421000mm,Top,0.000000
C305,38.700000mm,-49.100000mm,Top,0.000000
C401,54.843000mm,-59.250000mm,Top,180.000000
C402,52.200000mm,-59.250000mm,Top,0.000000
C403,36.651000mm,-32.324000mm,Top,90.000000
C404,36.400000mm,-29.716000mm,Top,90.000000
C408,56.900000mm,-57.000000mm,Top,0.000000
C501,34.900000mm,-36.600000mm,Top,0.000000
C502,35.200000mm,-38.400000mm,Top,90.000000
C506,73.600000mm,-46.100000mm,Top,0.000000
C508,67.300000mm,-54.600000mm,Top,90.000000
Q102,61.000000mm,-63.300000mm,Top,90.000000
R103,56.550000mm,-38.225000mm,Top,180.000000
R104,56.550000mm,-37.025000mm,Top,180.000000
R116,43.550000mm,-55.150000mm,Top,0.000000
R117,61.900000mm,-36.400000mm,Top,90.000000
R118,56.300000mm,-40.400000mm,Top,0.000000
R119,64.900000mm,-38.225000mm,Top,180.000000
R123,61.900000mm,-60.850000mm,Top,180.000000
R202,40.600000mm,-68.700000mm,Top,0.000000
R208,34.050000mm,-40.040000mm,Top,90.000000
R210,42.825000mm,-28.778000mm,Top,90.000000
R211,66.050000mm,-54.000000mm,Top,-90.000000
R215,50.650000mm,-55.200000mm,Top,-90.000000
R216,49.450000mm,-55.600000mm,Top,-90.000000
R306,68.385000mm,-65.427000mm,Top,0.000000
R318,46.900000mm,-43.460000mm,Top,90.000000
R401,44.190000mm,-31.500000mm,Top,180.000000
R404,49.100000mm,-59.400000mm,Top,0.000000
R505,71.960000mm,-56.750000mm,Top,0.000000
R506,73.600000mm,-53.600000mm,Top,0.000000
U101,50.000000mm,-32.000000mm,Top,-90.000000
U102,59.410000mm,-38.225000mm,Top,180.000000
U105,41.000000mm,-54.200000mm,Top,0.000000
U301,72.776000mm,-63.150000mm,Top,-120.000000
U302,71.277000mm,-65.459000mm,Top,-126.000000
U401,53.200000mm,-57.000000mm,Top,0.000000
U402,40.188000mm,-31.546000mm,Top,28.000000
U503,71.000000mm,-50.000000mm,Top,0.000000
U504,69.400000mm,-54.600000mm,Top,180.000000
